ip,org,city,country,region
97.105.19.61,AS11427 Charter Communications Inc,Houston,US,Texas
72.177.226.58,AS11427 Charter Communications Inc,San Antonio,US,Texas
173.173.119.75,AS11427 Charter Communications Inc,San Antonio,US,Texas
172.56.15.50,"AS21928 T-Mobile USA, Inc.",Houston,US,Texas
172.56.15.203,"AS21928 T-Mobile USA, Inc.",Houston,US,Texas
70.123.224.242,AS11427 Charter Communications Inc,Schertz,US,Texas
172.56.15.6,"AS21928 T-Mobile USA, Inc.",Houston,US,Texas
47.189.243.89,"AS5650 Frontier Communications of America, Inc.",Carrollton,US,Texas
172.56.15.15,"AS21928 T-Mobile USA, Inc.",Houston,US,Texas
172.56.15.46,"AS21928 T-Mobile USA, Inc.",Houston,US,Texas
97.98.16.4,AS11427 Charter Communications Inc,Corpus Christi,US,Texas
97.105.19.58,AS11427 Charter Communications Inc,Houston,US,Texas
72.177.229.125,AS11427 Charter Communications Inc,San Antonio,US,Texas
173.174.197.146,AS11427 Charter Communications Inc,San Antonio,US,Texas
209.205.123.242,"AS7979 Servers.com, Inc.",Dallas,US,Texas
12.247.3.42,"AS7018 AT&T Services, Inc.",Rockport,US,Texas
172.3.220.202,"AS7018 AT&T Services, Inc.",San Antonio,US,Texas
96.8.150.23,"AS16527 Guadalupe Valley Telephone Cooperative, Inc.",New Braunfels,US,Texas
72.191.50.176,AS11427 Charter Communications Inc,San Antonio,US,Texas
108.65.244.91,"AS7018 AT&T Services, Inc.",San Antonio,US,Texas
76.185.247.126,AS11427 Charter Communications Inc,San Antonio,US,Texas
70.123.231.211,AS11427 Charter Communications Inc,Schertz,US,Texas
72.191.29.130,AS11427 Charter Communications Inc,San Antonio,US,Texas
12.247.3.50,"AS7018 AT&T Services, Inc.",Rockport,US,Texas
72.181.117.226,AS11427 Charter Communications Inc,San Antonio,US,Texas
71.42.140.139,AS11427 Charter Communications Inc,San Antonio,US,Texas
45.22.97.134,"AS7018 AT&T Services, Inc.",San Antonio,US,Texas
173.173.104.57,AS11427 Charter Communications Inc,San Antonio,US,Texas
104.53.201.99,"AS7018 AT&T Services, Inc.",San Antonio,US,Texas
76.211.179.43,"AS7018 AT&T Services, Inc.",San Antonio,US,Texas
209.205.122.186,"AS7979 Servers.com, Inc.",Dallas,US,Texas
162.205.226.57,"AS7018 AT&T Services, Inc.",San Antonio,US,Texas
65.36.111.91,"AS7459 Grande Communications Networks, LLC",Austin,US,Texas
67.11.104.47,AS11427 Charter Communications Inc,San Antonio,US,Texas
24.155.251.203,"AS7459 Grande Communications Networks, LLC",San Marcos,US,Texas
24.27.227.0,AS7843 Charter Communications Inc,Dallas,US,Texas
24.27.227.1,AS7843 Charter Communications Inc,Dallas,US,Texas
70.120.83.9,AS11427 Charter Communications Inc,San Antonio,US,Texas
209.205.122.182,"AS7979 Servers.com, Inc.",Dallas,US,Texas
192.171.117.210,AS16887 Aethernet LLC,San Antonio,US,Texas
67.11.154.74,AS11427 Charter Communications Inc,San Antonio,US,Texas
76.214.156.42,"AS7018 AT&T Services, Inc.",San Antonio,US,Texas
162.236.252.30,"AS7018 AT&T Services, Inc.",San Antonio,US,Texas
173.173.127.101,AS11427 Charter Communications Inc,San Antonio,US,Texas
23.127.174.69,"AS7018 AT&T Services, Inc.",San Antonio,US,Texas
72.178.96.177,AS11427 Charter Communications Inc,New Braunfels,US,Texas
129.115.2.245,AS27594 University of Texas at San Antonio,San Antonio,US,Texas
71.40.1.172,AS11427 Charter Communications Inc,San Antonio,US,Texas
70.121.180.146,AS11427 Charter Communications Inc,San Antonio,US,Texas
174.207.2.105,AS6167 Verizon Business,Cleveland,US,Ohio
196.52.2.30,"AS32780 Hosting Services, Inc.",New York City,US,New York
196.52.2.70,"AS32780 Hosting Services, Inc.",New York City,US,New York
166.251.112.222,AS22394 Verizon Business,San Antonio,US,Texas
72.48.6.70,"AS7459 Grande Communications Networks, LLC",Fort Worth,US,Texas
196.52.2.49,"AS32780 Hosting Services, Inc.",New York City,US,New York
172.85.200.202,AS16504 Granite Telecommunications LLC,Dallas,US,Texas
66.69.68.137,AS11427 Charter Communications Inc,San Antonio,US,Texas
75.1.32.205,"AS7018 AT&T Services, Inc.",New Braunfels,US,Texas
104.191.1.102,"AS7018 AT&T Services, Inc.",San Antonio,US,Texas
174.207.17.250,AS6167 Verizon Business,San Antonio,US,Texas
196.52.2.52,"AS32780 Hosting Services, Inc.",New York City,US,New York
166.251.101.233,AS22394 Verizon Business,San Antonio,US,Texas
166.251.109.241,AS22394 Verizon Business,San Antonio,US,Texas
107.77.100.47,AS20057 AT&T Mobility LLC,Houston,US,Texas
174.207.23.38,AS6167 Verizon Business,Cleveland,US,Ohio
107.77.100.79,AS20057 AT&T Mobility LLC,Houston,US,Texas
174.207.0.15,AS6167 Verizon Business,Cleveland,US,Ohio
107.77.100.45,AS20057 AT&T Mobility LLC,Houston,US,Texas
199.193.220.210,AS16887 Aethernet LLC,San Antonio,US,Texas
12.189.101.90,"AS7018 AT&T Services, Inc.",Dallas,US,Texas
107.77.72.112,AS20057 AT&T Mobility LLC,Houston,US,Texas
107.77.100.91,AS20057 AT&T Mobility LLC,Houston,US,Texas
104.53.206.121,"AS7018 AT&T Services, Inc.",San Antonio,US,Texas
107.77.100.113,AS20057 AT&T Mobility LLC,Houston,US,Texas
24.153.137.59,AS11427 Charter Communications Inc,San Antonio,US,Texas
97.77.127.220,AS11427 Charter Communications Inc,San Antonio,US,Texas
166.251.112.88,AS22394 Verizon Business,San Antonio,US,Texas
107.77.80.85,AS20057 AT&T Mobility LLC,Houston,US,Texas
99.203.27.36,AS1239 Sprint,Houston,US,Texas
71.78.62.179,AS11427 Charter Communications Inc,San Antonio,US,Texas
174.207.3.185,AS6167 Verizon Business,Cleveland,US,Ohio
173.173.100.232,AS11427 Charter Communications Inc,San Antonio,US,Texas
174.207.13.82,AS6167 Verizon Business,Cleveland,US,Ohio
107.77.66.47,AS20057 AT&T Mobility LLC,Houston,US,Texas
70.120.93.125,AS11427 Charter Communications Inc,San Antonio,US,Texas
173.174.198.2,AS11427 Charter Communications Inc,San Antonio,US,Texas
70.125.151.73,AS11427 Charter Communications Inc,San Antonio,US,Texas
64.134.159.142,"AS14654 Wayport, LLC",Butterfield,US,Texas
99.203.155.147,AS1239 Sprint,San Jose,US,California
107.77.64.27,AS20057 AT&T Mobility LLC,Port Arthur,US,Texas
97.77.161.196,AS11427 Charter Communications Inc,Dallas,US,Texas
107.77.66.96,AS20057 AT&T Mobility LLC,Houston,US,Texas
107.77.80.125,AS20057 AT&T Mobility LLC,Houston,US,Texas
99.203.26.185,AS1239 Sprint,San Jose,US,California
99.203.154.83,AS1239 Sprint,Houston,US,Texas
104.181.128.75,"AS7018 AT&T Services, Inc.",San Antonio,US,Texas
174.207.13.226,AS6167 Verizon Business,Cleveland,US,Ohio
104.129.196.183,"AS22616 ZSCALER, INC.",Chicago,US,Illinois
174.207.5.177,AS6167 Verizon Business,Cleveland,US,Ohio
189.146.56.56,AS8151 Uninet S.A. de C.V.,Mexico City,MX,Mexico City
201.103.134.102,AS8151 Uninet S.A. de C.V.,Mexico City,MX,Mexico City
80.137.93.59,AS3320 Deutsche Telekom AG,Hamburg,DE,Hamburg
72.191.22.4,AS11427 Charter Communications Inc,Canyon Lake,US,Texas
12.28.69.2,"AS7018 AT&T Services, Inc.",Houston,US,Texas
189.146.46.149,AS8151 Uninet S.A. de C.V.,Mexico City,MX,Mexico City
24.155.118.66,"AS7459 Grande Communications Networks, LLC",San Marcos,US,Texas
107.77.72.97,AS20057 AT&T Mobility LLC,Port Arthur,US,Texas
99.203.26.200,AS1239 Sprint,San Jose,US,California
97.77.232.50,AS11427 Charter Communications Inc,Silsbee,US,Texas
72.182.51.48,AS11427 Charter Communications Inc,Austin,US,Texas
108.247.106.74,"AS7018 AT&T Services, Inc.",New Braunfels,US,Texas
174.207.9.170,AS6167 Verizon Business,Cleveland,US,Ohio
107.77.100.88,AS20057 AT&T Mobility LLC,Houston,US,Texas
174.207.13.44,AS6167 Verizon Business,Cleveland,US,Ohio
72.190.180.197,AS11427 Charter Communications Inc,San Antonio,US,Texas
99.203.26.93,AS1239 Sprint,San Jose,US,California
107.77.64.50,AS20057 AT&T Mobility LLC,Port Arthur,US,Texas
172.58.67.186,"AS21928 T-Mobile USA, Inc.",Dallas,US,Texas
172.58.100.107,"AS21928 T-Mobile USA, Inc.",Houston,US,Texas
174.207.0.177,AS6167 Verizon Business,Cleveland,US,Ohio
107.77.64.51,AS20057 AT&T Mobility LLC,Port Arthur,US,Texas
99.203.154.93,AS1239 Sprint,Houston,US,Texas
107.77.100.84,AS20057 AT&T Mobility LLC,Houston,US,Texas
104.184.220.38,"AS7018 AT&T Services, Inc.",Alice Acres,US,Texas
172.58.111.139,"AS21928 T-Mobile USA, Inc.",Dallas,US,Texas
72.181.109.196,AS11427 Charter Communications Inc,San Antonio,US,Texas
70.123.229.111,AS11427 Charter Communications Inc,New Braunfels,US,Texas
24.243.10.53,AS11427 Charter Communications Inc,San Antonio,US,Texas
107.77.64.80,AS20057 AT&T Mobility LLC,Houston,US,Texas
107.77.64.21,AS20057 AT&T Mobility LLC,Port Arthur,US,Texas
76.214.156.188,"AS7018 AT&T Services, Inc.",San Antonio,US,Texas
107.77.80.82,AS20057 AT&T Mobility LLC,Houston,US,Texas
107.77.72.90,AS20057 AT&T Mobility LLC,Port Arthur,US,Texas
97.77.126.60,AS11427 Charter Communications Inc,San Antonio,US,Texas
64.132.225.203,"AS3549 Level 3 Parent, LLC",Star City,US,Arkansas
96.89.11.37,"AS7922 Comcast Cable Communications, LLC",Atlanta,US,Georgia
99.203.26.254,AS1239 Sprint,San Jose,US,California
84.14.10.91,AS8220 COLT Technology Services Group Limited,Paris,FR,Île-de-France
104.131.47.203,"AS14061 DigitalOcean, LLC",Clifton,US,New Jersey
98.6.151.46,AS11427 Charter Communications Inc,San Antonio,US,Texas
76.218.41.171,"AS7018 AT&T Services, Inc.",Dallas,US,Texas
107.77.66.93,AS20057 AT&T Mobility LLC,Houston,US,Texas
107.77.218.40,AS20057 AT&T Mobility LLC,Houston,US,Texas
70.121.163.5,AS11427 Charter Communications Inc,San Antonio,US,Texas
148.66.37.91,AS396177 Jump Fiber,San Antonio,US,Texas
129.112.109.42,AS13998 UT Southwestern Medical Center at Dallas,Dallas,US,Texas
129.112.109.40,AS13998 UT Southwestern Medical Center at Dallas,Dallas,US,Texas
72.181.98.94,AS11427 Charter Communications Inc,San Antonio,US,Texas
174.207.12.44,AS6167 Verizon Business,Cleveland,US,Ohio
12.16.232.100,"AS7018 AT&T Services, Inc.",Sterling,US,Virginia
72.181.104.64,AS11427 Charter Communications Inc,San Antonio,US,Texas
12.34.237.242,"AS7018 AT&T Services, Inc.",Ranchos Penitas West Colonia,US,Texas
170.248.173.245,AS18546 Accenture LLP,San Antonio,US,Texas
107.77.105.92,AS20057 AT&T Mobility LLC,Houston,US,Texas
24.243.59.95,AS11427 Charter Communications Inc,Lockhart,US,Texas
107.77.80.20,AS20057 AT&T Mobility LLC,Houston,US,Texas
8.31.0.128,"AS3356 Level 3 Parent, LLC",Bala Cynwyd,US,Pennsylvania
107.77.80.57,AS20057 AT&T Mobility LLC,Houston,US,Texas
172.58.111.172,"AS21928 T-Mobile USA, Inc.",Dallas,US,Texas
199.59.33.125,"AS16886 H-E-B, LP",San Antonio,US,Texas
98.6.222.42,AS11427 Charter Communications Inc,San Antonio,US,Texas
137.254.7.178,AS792 Oracle Corporation,Austin,US,Texas
137.254.7.165,AS792 Oracle Corporation,Austin,US,Texas
71.42.245.250,AS11427 Charter Communications Inc,Balcones Heights,US,Texas
137.254.7.172,AS792 Oracle Corporation,Austin,US,Texas
199.59.33.126,"AS16886 H-E-B, LP",San Antonio,US,Texas
167.24.104.150,AS7838 USAA,San Antonio,US,Texas
137.254.7.174,AS792 Oracle Corporation,Austin,US,Texas
137.254.7.184,AS792 Oracle Corporation,Austin,US,Texas
136.62.157.140,AS16591 Google Fiber Inc.,Austin,US,Texas
137.254.7.173,AS792 Oracle Corporation,Austin,US,Texas
45.20.117.182,"AS7018 AT&T Services, Inc.",San Antonio,US,Texas
131.44.121.129,AS385 Air Force Systems Networking,San Antonio,US,Texas
131.44.121.128,AS385 Air Force Systems Networking,San Antonio,US,Texas
137.254.7.169,AS792 Oracle Corporation,Austin,US,Texas
136.62.156.201,AS16591 Google Fiber Inc.,Austin,US,Texas
192.171.117.234,AS16887 Aethernet LLC,San Antonio,US,Texas
170.248.173.246,AS18546 Accenture LLP,San Antonio,US,Texas
174.207.7.167,AS6167 Verizon Business,Cleveland,US,Ohio
4.16.216.161,"AS3356 Level 3 Parent, LLC",Houston,US,Texas
66.25.169.158,AS11427 Charter Communications Inc,San Antonio,US,Texas
45.31.212.143,"AS7018 AT&T Services, Inc.",San Antonio,US,Texas
170.248.173.247,AS18546 Accenture LLP,San Antonio,US,Texas
131.44.121.130,AS385 Air Force Systems Networking,San Antonio,US,Texas
70.94.165.250,AS11427 Charter Communications Inc,San Antonio,US,Texas
137.254.7.176,AS792 Oracle Corporation,Austin,US,Texas
70.123.200.145,AS11427 Charter Communications Inc,San Antonio,US,Texas
96.27.161.213,AS12083 WideOpenWest Finance LLC,Montgomery,US,Alabama
89.159.14.216,AS15557 Societe Francaise Du Radiotelephone - SFR SA,Saint-Quentin-en-Yvelines,FR,Île-de-France
72.181.113.234,AS11427 Charter Communications Inc,San Antonio,US,Texas
90.80.230.243,AS3215 Orange S.A.,Paris,FR,Île-de-France
90.85.119.75,AS3215 Orange S.A.,Paris,FR,Île-de-France
217.167.133.44,AS3215 Orange S.A.,Paris,FR,Île-de-France
89.81.166.143,AS5410 Bouygues Telecom SA,Paris,FR,Île-de-France
37.60.189.18,AS29513 Foliateam Operateur SAS,Paris,FR,Île-de-France
65.220.10.3,AS701 Verizon Business,Philadelphia,US,Pennsylvania
56.0.143.25,AS5774 United States Postal Service.,Washington,US,"Washington, D.C."
24.99.149.248,"AS7725 Comcast Cable Communications, LLC",Atlanta,US,Georgia
136.50.5.46,AS16591 Google Fiber Inc.,San Antonio,US,Texas
72.181.121.192,AS11427 Charter Communications Inc,San Antonio,US,Texas
97.105.69.130,AS11427 Charter Communications Inc,San Antonio,US,Texas
172.58.109.173,"AS21928 T-Mobile USA, Inc.",Dallas,US,Texas
216.54.250.134,"AS3549 Level 3 Parent, LLC",Monroe,US,Louisiana
12.27.152.137,"AS7018 AT&T Services, Inc.",Loma Grande Colonia,US,Texas
77.136.40.123,AS15557 Societe Francaise Du Radiotelephone - SFR SA,Paris,FR,Île-de-France
162.249.35.10,AS62917 Gigabit Communications LLC,Dallas,US,Texas
99.184.61.243,"AS7018 AT&T Services, Inc.",San Antonio,US,Texas
104.190.242.242,"AS7018 AT&T Services, Inc.",San Antonio,US,Texas
107.77.217.101,AS20057 AT&T Mobility LLC,Houston,US,Texas
148.66.38.18,AS396177 Jump Fiber,San Antonio,US,Texas
56.0.84.25,AS5774 United States Postal Service.,Blue Mound,US,Texas
24.26.244.77,AS11427 Charter Communications Inc,San Antonio,US,Texas
70.123.193.100,AS11427 Charter Communications Inc,San Antonio,US,Texas
56.0.84.26,AS5774 United States Postal Service.,Blue Mound,US,Texas
173.173.107.110,AS11427 Charter Communications Inc,San Antonio,US,Texas
50.84.103.219,AS11427 Charter Communications Inc,San Antonio,US,Texas
71.78.185.26,AS11427 Charter Communications Inc,Dallas,US,Texas
170.225.9.141,AS18703 IBM,Denver,US,Colorado
209.58.147.231,"AS394380 Leaseweb USA, Inc.",Dallas,US,Texas
24.243.34.38,AS11427 Charter Communications Inc,Schertz,US,Texas
99.162.240.204,"AS7018 AT&T Services, Inc.",San Antonio,US,Texas
216.177.187.98,"AS16527 Guadalupe Valley Telephone Cooperative, Inc.",San Antonio,US,Texas
75.41.2.91,"AS7018 AT&T Services, Inc.",Manor,US,Texas
104.182.15.214,"AS7018 AT&T Services, Inc.",San Antonio,US,Texas
87.158.135.133,AS3320 Deutsche Telekom AG,Munich,DE,Bavaria
79.220.63.16,AS3320 Deutsche Telekom AG,Munich,DE,Bavaria
172.58.99.155,"AS21928 T-Mobile USA, Inc.",Houston,US,Texas
172.58.70.146,"AS21928 T-Mobile USA, Inc.",Dallas,US,Texas
172.58.96.172,"AS21928 T-Mobile USA, Inc.",Houston,US,Texas
172.58.96.163,"AS21928 T-Mobile USA, Inc.",Houston,US,Texas
172.58.97.32,"AS21928 T-Mobile USA, Inc.",Houston,US,Texas
107.152.102.138,AS46562 Performive LLC,Dallas,US,Texas
45.27.14.73,"AS7018 AT&T Services, Inc.",San Antonio,US,Texas
76.185.158.93,AS11427 Charter Communications Inc,San Antonio,US,Texas
71.78.167.131,AS11427 Charter Communications Inc,San Antonio,US,Texas
107.181.165.202,AS46562 Performive LLC,Dallas,US,Texas
104.193.225.250,AS393336 Catalyst Host LLC,Dallas,US,Texas
174.207.5.52,AS6167 Verizon Business,Cleveland,US,Ohio
107.77.100.125,AS20057 AT&T Mobility LLC,Houston,US,Texas
107.204.132.6,"AS7018 AT&T Services, Inc.",San Antonio,US,Texas
173.174.155.172,AS11427 Charter Communications Inc,San Antonio,US,Texas
174.207.1.185,AS6167 Verizon Business,Cleveland,US,Ohio
65.36.105.55,"AS7459 Grande Communications Networks, LLC",Austin,US,Texas
173.127.33.241,AS1239 Sprint,Houston,US,Texas
162.232.155.19,"AS7018 AT&T Services, Inc.",El Paso,US,Texas
99.203.26.41,AS1239 Sprint,San Jose,US,California
96.8.179.59,"AS16527 Guadalupe Valley Telephone Cooperative, Inc.",Boerne,US,Texas
70.114.139.150,AS11427 Charter Communications Inc,Austin,US,Texas
173.174.159.45,AS11427 Charter Communications Inc,San Antonio,US,Texas
24.155.140.118,"AS7459 Grande Communications Networks, LLC",Temple,US,Texas
173.173.100.228,AS11427 Charter Communications Inc,San Antonio,US,Texas
72.181.97.136,AS11427 Charter Communications Inc,San Antonio,US,Texas
72.181.118.217,AS11427 Charter Communications Inc,San Antonio,US,Texas
23.122.42.151,"AS7018 AT&T Services, Inc.",San Antonio,US,Texas
72.177.206.117,AS11427 Charter Communications Inc,San Antonio,US,Texas
66.69.77.154,AS11427 Charter Communications Inc,San Antonio,US,Texas
99.203.26.214,AS1239 Sprint,San Jose,US,California
99.203.155.25,AS1239 Sprint,San Jose,US,California
173.239.218.8,AS207907 NSQ Venture (M) SDN BHD,Ashburn,US,Virginia
99.203.26.237,AS1239 Sprint,San Jose,US,California
68.203.201.38,AS11427 Charter Communications Inc,San Antonio,US,Texas
99.203.26.144,AS1239 Sprint,San Jose,US,California
99.203.155.131,AS1239 Sprint,San Jose,US,California
173.127.67.70,AS1239 Sprint,Fort Worth,US,Texas
107.77.80.107,AS20057 AT&T Mobility LLC,Houston,US,Texas
104.53.215.21,"AS7018 AT&T Services, Inc.",San Antonio,US,Texas
64.134.159.125,"AS14654 Wayport, LLC",Northport,US,Alabama
99.203.27.154,AS1239 Sprint,Houston,US,Texas
70.121.188.16,AS11427 Charter Communications Inc,San Antonio,US,Texas
99.203.155.59,AS1239 Sprint,San Jose,US,California
173.127.112.106,AS1239 Sprint,Fort Worth,US,Texas
173.127.13.65,AS1239 Sprint,Webster,US,Texas
166.137.118.89,AS20057 AT&T Mobility LLC,Pecan Plantation,US,Texas
100.35.67.162,AS701 Verizon Business,Jersey City,US,New Jersey
166.137.136.50,AS20057 AT&T Mobility LLC,Dallas,US,Texas
24.160.133.222,AS11427 Charter Communications Inc,San Antonio,US,Texas
141.150.59.235,AS701 Verizon Business,Edison,US,New Jersey
166.137.125.75,AS20057 AT&T Mobility LLC,Dallas,US,Texas
209.205.120.222,"AS7979 Servers.com, Inc.",Dallas,US,Texas
173.127.6.41,AS1239 Sprint,Fort Worth,US,Texas
173.127.23.253,AS1239 Sprint,Houston,US,Texas
69.166.87.217,"AS16527 Guadalupe Valley Telephone Cooperative, Inc.",New Braunfels,US,Texas
173.123.57.183,AS1239 Sprint,Fort Worth,US,Texas
173.127.44.50,AS1239 Sprint,Houston,US,Texas
99.203.155.223,AS1239 Sprint,San Jose,US,California
173.149.206.146,AS1239 Sprint,Fort Worth,US,Texas
166.137.125.28,AS20057 AT&T Mobility LLC,Dallas,US,Texas
97.77.16.42,AS11427 Charter Communications Inc,Burnet,US,Texas
72.181.99.132,AS11427 Charter Communications Inc,San Antonio,US,Texas
99.200.159.181,AS1239 Sprint,Fort Worth,US,Texas
68.241.59.80,AS1239 Sprint,Atlanta,US,Georgia
63.97.8.66,AS701 Verizon Business,Dallas,US,Texas
173.239.232.81,AS46562 Performive LLC,Bridgeport,US,Connecticut
70.118.34.50,AS11427 Charter Communications Inc,Marble Falls,US,Texas
24.173.208.242,AS11427 Charter Communications Inc,San Antonio,US,Texas
166.137.139.56,AS20057 AT&T Mobility LLC,Dallas,US,Texas
99.203.26.86,AS1239 Sprint,San Jose,US,California
99.203.26.234,AS1239 Sprint,San Jose,US,California
70.117.9.9,AS11427 Charter Communications Inc,San Antonio,US,Texas
172.3.29.85,"AS7018 AT&T Services, Inc.",San Antonio,US,Texas
166.137.125.49,AS20057 AT&T Mobility LLC,Dallas,US,Texas
107.77.100.15,AS20057 AT&T Mobility LLC,Houston,US,Texas
67.11.16.255,AS11427 Charter Communications Inc,New Braunfels,US,Texas
166.137.126.119,AS20057 AT&T Mobility LLC,Dallas,US,Texas
70.114.7.210,AS11427 Charter Communications Inc,New Braunfels,US,Texas
216.177.181.227,"AS16527 Guadalupe Valley Telephone Cooperative, Inc.",Boerne,US,Texas
173.123.4.140,AS1239 Sprint,San Antonio,US,Texas
67.79.15.43,AS11427 Charter Communications Inc,Universal City,US,Texas
173.127.49.144,AS1239 Sprint,League City,US,Texas
50.84.229.194,AS11427 Charter Communications Inc,San Antonio,US,Texas
173.149.180.43,AS1239 Sprint,Fort Worth,US,Texas
173.123.41.129,AS1239 Sprint,San Antonio,US,Texas
69.166.89.120,"AS16527 Guadalupe Valley Telephone Cooperative, Inc.",New Braunfels,US,Texas
173.127.79.63,AS1239 Sprint,Houston,US,Texas
209.194.208.150,AS19179 City of El Paso,El Paso,US,Texas
65.36.104.120,"AS7459 Grande Communications Networks, LLC",Austin,US,Texas
107.77.100.89,AS20057 AT&T Mobility LLC,Houston,US,Texas
99.203.154.104,AS1239 Sprint,Houston,US,Texas
99.203.27.87,AS1239 Sprint,Houston,US,Texas
166.137.118.83,AS20057 AT&T Mobility LLC,Dallas,US,Texas
144.178.1.54,AS714 Apple Inc.,Dallas,US,Texas
99.203.154.82,AS1239 Sprint,Houston,US,Texas
97.77.206.98,AS11427 Charter Communications Inc,San Antonio,US,Texas
173.175.172.89,AS11427 Charter Communications Inc,El Paso,US,Texas
174.207.16.206,AS6167 Verizon Business,Cleveland,US,Ohio
108.213.189.26,"AS7018 AT&T Services, Inc.",Victoria,US,Texas
97.105.102.61,AS11427 Charter Communications Inc,San Antonio,US,Texas
72.48.11.18,"AS7459 Grande Communications Networks, LLC",San Marcos,US,Texas
99.203.26.150,AS1239 Sprint,San Jose,US,California
24.73.246.228,AS11427 Charter Communications Inc,San Antonio,US,Texas
97.77.238.3,AS11427 Charter Communications Inc,Seguin,US,Texas
97.77.203.60,AS11427 Charter Communications Inc,San Antonio,US,Texas
71.41.243.19,AS11427 Charter Communications Inc,Dallas,US,Texas
99.203.27.150,AS1239 Sprint,Houston,US,Texas
173.123.59.139,AS1239 Sprint,Fort Worth,US,Texas
64.134.31.44,"AS14654 Wayport, LLC",Austin,US,Texas
38.95.108.230,AS9009 M247 Ltd,Los Angeles,US,California
99.203.154.173,AS1239 Sprint,Houston,US,Texas
162.72.0.173,"AS7155 ViaSat,Inc.",De Soto,US,Illinois
166.137.143.123,AS20057 AT&T Mobility LLC,Dallas,US,Texas
74.50.118.217,"AS29802 HIVELOCITY, Inc.",Tampa,US,Florida
97.105.101.131,AS11427 Charter Communications Inc,Universal City,US,Texas
96.40.234.116,AS20115 Charter Communications,Watertown,US,Wisconsin
24.26.246.52,AS11427 Charter Communications Inc,San Antonio,US,Texas
72.48.8.218,"AS7459 Grande Communications Networks, LLC",Waco,US,Texas
99.203.155.177,AS1239 Sprint,San Jose,US,California
166.137.118.110,AS20057 AT&T Mobility LLC,Antlers,US,Oklahoma
166.137.118.47,AS20057 AT&T Mobility LLC,Pecan Plantation,US,Texas
192.138.47.30,AS5972 DoD Network Information Center,Columbus,US,Ohio
166.137.126.34,AS20057 AT&T Mobility LLC,Dallas,US,Texas
166.137.139.115,AS20057 AT&T Mobility LLC,Dallas,US,Texas
107.77.72.36,AS20057 AT&T Mobility LLC,Port Arthur,US,Texas
173.255.139.216,AS36351 SoftLayer Technologies Inc.,Dallas,US,Texas
108.249.226.232,"AS7018 AT&T Services, Inc.",El Paso,US,Texas
185.151.12.242,"AS62296 Vital Network Group, LLC",Washington,US,"Washington, D.C."
136.50.0.214,AS16591 Google Fiber Inc.,San Antonio,US,Texas
70.120.230.205,AS11427 Charter Communications Inc,El Paso,US,Texas
70.120.49.220,AS11427 Charter Communications Inc,San Antonio,US,Texas
99.132.130.214,"AS7018 AT&T Services, Inc.",San Antonio,US,Texas
72.48.1.140,"AS7459 Grande Communications Networks, LLC",Dallas,US,Texas
24.26.252.42,AS11427 Charter Communications Inc,San Antonio,US,Texas
68.201.249.18,AS11427 Charter Communications Inc,San Antonio,US,Texas
24.242.143.6,AS11427 Charter Communications Inc,Austin,US,Texas
185.151.12.218,"AS62296 Vital Network Group, LLC",Washington,US,"Washington, D.C."
172.3.28.29,"AS7018 AT&T Services, Inc.",San Antonio,US,Texas
72.180.51.14,AS11427 Charter Communications Inc,Plano,US,Texas
209.135.132.136,AS6428 CDM,Wood River,US,Illinois
72.180.46.191,AS11427 Charter Communications Inc,Plano,US,Texas
172.108.140.130,"AS5650 Frontier Communications of America, Inc.",Plano,US,Texas
172.85.210.26,AS16504 Granite Telecommunications LLC,Fort Worth,US,Texas
173.173.111.218,AS11427 Charter Communications Inc,San Antonio,US,Texas
167.24.24.150,AS7838 USAA,San Antonio,US,Texas
72.178.117.75,AS11427 Charter Communications Inc,San Antonio,US,Texas
174.207.17.141,AS6167 Verizon Business,San Antonio,US,Texas
96.8.160.28,"AS16527 Guadalupe Valley Telephone Cooperative, Inc.",Boerne,US,Texas
72.180.0.21,AS11427 Charter Communications Inc,Carrollton,US,Texas
51.9.81.63,AS6871 Plusnet,High Wycombe,GB,England
173.175.112.68,AS11427 Charter Communications Inc,San Antonio,US,Texas
130.45.51.161,"AS7459 Grande Communications Networks, LLC",San Antonio,US,Texas
23.127.172.66,"AS7018 AT&T Services, Inc.",San Antonio,US,Texas
72.190.178.21,AS11427 Charter Communications Inc,San Antonio,US,Texas
173.173.96.202,AS11427 Charter Communications Inc,San Antonio,US,Texas
216.82.146.133,"AS18859 GVEC.net, LLC",New Braunfels,US,Texas
99.203.27.185,AS1239 Sprint,Houston,US,Texas
75.54.33.183,AS2386 AT&T Data Communications Services,San Antonio,US,Texas
72.180.53.75,AS11427 Charter Communications Inc,Frisco,US,Texas
68.206.246.215,AS11427 Charter Communications Inc,El Paso,US,Texas
107.77.200.166,AS20057 AT&T Mobility LLC,Dallas,US,Texas
99.47.142.88,"AS7018 AT&T Services, Inc.",El Paso,US,Texas
67.79.20.162,AS11427 Charter Communications Inc,Dallas,US,Texas
24.175.231.111,AS11427 Charter Communications Inc,El Paso,US,Texas
72.177.208.53,AS11427 Charter Communications Inc,San Antonio,US,Texas
107.77.197.208,AS20057 AT&T Mobility LLC,Dallas,US,Texas
107.77.198.135,AS20057 AT&T Mobility LLC,Dallas,US,Texas
24.26.238.218,AS11427 Charter Communications Inc,San Antonio,US,Texas
76.185.131.226,AS11427 Charter Communications Inc,San Antonio,US,Texas
107.77.66.81,AS20057 AT&T Mobility LLC,Houston,US,Texas
70.118.8.243,AS11427 Charter Communications Inc,San Antonio,US,Texas
72.205.179.123,AS22773 Cox Communications Inc.,New Orleans,US,Louisiana
12.175.215.244,"AS7018 AT&T Services, Inc.",San Antonio,US,Texas
187.220.23.224,AS8151 Uninet S.A. de C.V.,Mexico City,MX,Mexico City
72.48.1.25,"AS7459 Grande Communications Networks, LLC",Dallas,US,Texas
72.181.125.198,AS11427 Charter Communications Inc,San Antonio,US,Texas
24.28.70.46,AS11427 Charter Communications Inc,Austin,US,Texas
99.27.139.172,"AS7018 AT&T Services, Inc.",San Antonio,US,Texas
99.203.90.71,AS1239 Sprint,Houston,US,Texas
67.11.100.255,AS11427 Charter Communications Inc,San Antonio,US,Texas
209.92.162.135,AS7029 Windstream Communications LLC,Chicago,US,Illinois
99.203.91.97,AS1239 Sprint,Houston,US,Texas
99.203.212.171,AS1239 Sprint,San Jose,US,California
107.77.217.65,AS20057 AT&T Mobility LLC,Houston,US,Texas
99.203.91.76,AS1239 Sprint,Houston,US,Texas
99.203.90.248,AS1239 Sprint,Houston,US,Texas
107.204.49.22,"AS7018 AT&T Services, Inc.",San Antonio,US,Texas
99.203.213.3,AS1239 Sprint,Houston,US,Texas
99.203.212.121,AS1239 Sprint,San Jose,US,California
99.203.90.253,AS1239 Sprint,Houston,US,Texas
107.77.196.213,AS20057 AT&T Mobility LLC,Dallas,US,Texas
99.203.26.55,AS1239 Sprint,San Jose,US,California
172.56.14.78,"AS21928 T-Mobile USA, Inc.",Houston,US,Texas
24.243.35.7,AS11427 Charter Communications Inc,Rockport,US,Texas
73.219.222.176,"AS7922 Comcast Cable Communications, LLC",New Haven,US,Connecticut
108.199.117.96,"AS7018 AT&T Services, Inc.",San Antonio,US,Texas
70.120.46.111,AS11427 Charter Communications Inc,San Antonio,US,Texas
173.173.121.126,AS11427 Charter Communications Inc,San Antonio,US,Texas
67.48.59.123,AS11427 Charter Communications Inc,San Antonio,US,Texas
12.31.120.82,"AS7018 AT&T Services, Inc.",Marion,US,Texas
76.250.226.254,"AS7018 AT&T Services, Inc.",San Antonio,US,Texas
67.11.35.239,AS11427 Charter Communications Inc,San Antonio,US,Texas
72.181.121.127,AS11427 Charter Communications Inc,San Antonio,US,Texas
107.77.217.196,AS20057 AT&T Mobility LLC,Kirbyville,US,Texas
67.11.84.66,AS11427 Charter Communications Inc,San Antonio,US,Texas
71.78.236.131,AS11427 Charter Communications Inc,Richardson,US,Texas
107.77.220.6,AS20057 AT&T Mobility LLC,Houston,US,Texas
71.137.146.71,"AS7018 AT&T Services, Inc.",San Antonio,US,Texas
66.25.81.21,AS11427 Charter Communications Inc,San Antonio,US,Texas
72.190.131.54,AS11427 Charter Communications Inc,San Antonio,US,Texas
173.174.192.127,AS11427 Charter Communications Inc,San Antonio,US,Texas
24.243.3.200,AS11427 Charter Communications Inc,San Antonio,US,Texas
76.204.29.215,"AS7018 AT&T Services, Inc.",San Antonio,US,Texas
209.12.105.54,"AS3549 Level 3 Parent, LLC",San Antonio,US,Texas
70.94.144.103,AS11427 Charter Communications Inc,Dallas,US,Texas
24.243.20.39,AS11427 Charter Communications Inc,San Antonio,US,Texas
167.24.18.231,AS7838 USAA,San Antonio,US,Texas
68.201.242.151,AS11427 Charter Communications Inc,San Antonio,US,Texas
70.114.36.54,AS11427 Charter Communications Inc,San Antonio,US,Texas
107.207.7.120,"AS7018 AT&T Services, Inc.",San Antonio,US,Texas
45.21.0.138,"AS7018 AT&T Services, Inc.",San Antonio,US,Texas
172.110.83.150,AS36016 CommZoom LLC,Hondo,US,Texas
104.5.159.83,"AS7018 AT&T Services, Inc.",San Antonio,US,Texas
24.242.163.11,AS11427 Charter Communications Inc,San Antonio,US,Texas
174.207.7.252,AS6167 Verizon Business,Cleveland,US,Ohio
99.52.78.67,"AS7018 AT&T Services, Inc.",San Antonio,US,Texas
70.122.201.106,AS11427 Charter Communications Inc,Austin,US,Texas
24.28.154.168,AS11427 Charter Communications Inc,San Antonio,US,Texas
70.114.38.157,AS11427 Charter Communications Inc,San Antonio,US,Texas
72.177.233.3,AS11427 Charter Communications Inc,San Antonio,US,Texas
24.155.149.210,"AS7459 Grande Communications Networks, LLC",San Antonio,US,Texas
66.25.88.97,AS11427 Charter Communications Inc,San Antonio,US,Texas
70.122.230.225,AS11427 Charter Communications Inc,Dallas,US,Texas
70.121.136.2,AS11427 Charter Communications Inc,San Antonio,US,Texas
24.243.59.91,AS11427 Charter Communications Inc,Lockhart,US,Texas
209.12.105.53,"AS3549 Level 3 Parent, LLC",San Antonio,US,Texas
107.204.50.101,"AS7018 AT&T Services, Inc.",San Antonio,US,Texas
173.174.218.183,AS11427 Charter Communications Inc,San Antonio,US,Texas
107.77.220.86,AS20057 AT&T Mobility LLC,Houston,US,Texas
24.160.149.87,AS11427 Charter Communications Inc,Dallas,US,Texas
40.132.252.74,AS7029 Windstream Communications LLC,Laredo,US,Texas
72.128.154.189,AS11427 Charter Communications Inc,Plano,US,Texas
107.77.217.182,AS20057 AT&T Mobility LLC,Kirbyville,US,Texas
71.78.67.37,AS11427 Charter Communications Inc,McAllen,US,Texas
66.193.245.94,"AS3549 Level 3 Parent, LLC",San Antonio,US,Texas
107.77.217.218,AS20057 AT&T Mobility LLC,Kirbyville,US,Texas
70.122.206.138,AS11427 Charter Communications Inc,Austin,US,Texas
172.58.104.239,"AS21928 T-Mobile USA, Inc.",Dallas,US,Texas
24.243.59.161,AS11427 Charter Communications Inc,Lockhart,US,Texas
99.113.230.177,"AS7018 AT&T Services, Inc.",Dallas,US,Texas
70.120.59.12,AS11427 Charter Communications Inc,San Antonio,US,Texas
66.69.36.47,AS11427 Charter Communications Inc,Converse,US,Texas
40.128.39.234,AS7029 Windstream Communications LLC,Dallas,US,Texas
67.11.167.40,AS11427 Charter Communications Inc,San Antonio,US,Texas
66.25.67.202,AS11427 Charter Communications Inc,San Antonio,US,Texas
104.219.136.67,AS14143 Rock Solid Internet & Telephone,San Antonio,US,Texas
173.173.116.10,AS11427 Charter Communications Inc,San Antonio,US,Texas
24.243.31.59,AS11427 Charter Communications Inc,San Antonio,US,Texas
66.69.124.135,AS11427 Charter Communications Inc,Garland,US,Texas
173.174.178.51,AS11427 Charter Communications Inc,San Antonio,US,Texas
50.250.214.161,"AS33651 Comcast Cable Communications, LLC",Santa Rosa,US,California
67.10.158.134,AS11427 Charter Communications Inc,San Antonio,US,Texas
173.175.117.44,AS11427 Charter Communications Inc,San Antonio,US,Texas
70.121.173.47,AS11427 Charter Communications Inc,San Antonio,US,Texas
131.194.184.123,AS19342 Trinity University,San Antonio,US,Texas
45.22.96.223,"AS7018 AT&T Services, Inc.",San Antonio,US,Texas
173.174.223.192,AS11427 Charter Communications Inc,San Antonio,US,Texas
107.167.109.95,AS21837 Opera Software Americas LLC,Washington,US,"Washington, D.C."
107.77.80.52,AS20057 AT&T Mobility LLC,Houston,US,Texas
172.58.109.13,"AS21928 T-Mobile USA, Inc.",Dallas,US,Texas
76.185.164.25,AS11427 Charter Communications Inc,San Antonio,US,Texas
172.58.108.94,"AS21928 T-Mobile USA, Inc.",Dallas,US,Texas
173.173.118.83,AS11427 Charter Communications Inc,San Antonio,US,Texas
72.190.156.176,AS11427 Charter Communications Inc,San Antonio,US,Texas
70.118.58.130,AS11427 Charter Communications Inc,San Antonio,US,Texas
173.173.100.45,AS11427 Charter Communications Inc,San Antonio,US,Texas
76.185.168.145,AS11427 Charter Communications Inc,San Antonio,US,Texas
172.5.103.185,"AS7018 AT&T Services, Inc.",San Antonio,US,Texas
71.78.217.82,AS11427 Charter Communications Inc,San Antonio,US,Texas
72.48.254.209,"AS7459 Grande Communications Networks, LLC",San Antonio,US,Texas
67.79.232.243,AS11427 Charter Communications Inc,San Antonio,US,Texas
72.181.99.110,AS11427 Charter Communications Inc,San Antonio,US,Texas
173.174.217.236,AS11427 Charter Communications Inc,San Antonio,US,Texas
72.181.106.34,AS11427 Charter Communications Inc,San Antonio,US,Texas
173.174.207.225,AS11427 Charter Communications Inc,San Antonio,US,Texas
184.80.232.34,AS7029 Windstream Communications LLC,Dallas,US,Texas
72.190.130.87,AS11427 Charter Communications Inc,San Antonio,US,Texas
69.193.187.30,AS12271 Charter Communications Inc,Astoria,US,New York
65.204.10.233,AS701 Verizon Business,New York City,US,New York
24.227.245.186,AS11427 Charter Communications Inc,San Antonio,US,Texas
70.122.37.185,AS11427 Charter Communications Inc,Austin,US,Texas
67.80.48.111,AS6128 Cablevision Systems Corp.,New York City,US,New York
70.124.99.231,AS11427 Charter Communications Inc,Laredo,US,Texas
24.243.55.34,AS11427 Charter Communications Inc,San Antonio,US,Texas
12.5.63.226,"AS7018 AT&T Services, Inc.",San Antonio,US,Texas
75.54.32.17,AS2386 AT&T Data Communications Services,San Antonio,US,Texas
204.60.9.26,"AS7018 AT&T Services, Inc.",Austin,US,Texas
64.132.229.66,"AS3549 Level 3 Parent, LLC",San Antonio,US,Texas
173.174.7.203,AS11427 Charter Communications Inc,Kerrville,US,Texas
207.189.160.150,"AS13992 SailPoint Technologies, Inc.",Austin,US,Texas
108.78.170.79,"AS7018 AT&T Services, Inc.",Austin,US,Texas
72.181.104.173,AS11427 Charter Communications Inc,San Antonio,US,Texas
207.189.160.146,"AS13992 SailPoint Technologies, Inc.",Austin,US,Texas
130.45.55.231,"AS7459 Grande Communications Networks, LLC",San Antonio,US,Texas
70.113.52.10,AS11427 Charter Communications Inc,Austin,US,Texas
70.121.183.95,AS11427 Charter Communications Inc,San Antonio,US,Texas
24.160.159.122,AS11427 Charter Communications Inc,Brownsville,US,Texas
66.69.62.219,AS11427 Charter Communications Inc,San Antonio,US,Texas
67.10.168.76,AS11427 Charter Communications Inc,San Antonio,US,Texas
70.123.209.40,AS11427 Charter Communications Inc,San Antonio,US,Texas
98.6.204.195,AS11427 Charter Communications Inc,San Antonio,US,Texas
173.173.114.158,AS11427 Charter Communications Inc,San Antonio,US,Texas
72.48.111.7,"AS7459 Grande Communications Networks, LLC",San Antonio,US,Texas
70.117.6.133,AS11427 Charter Communications Inc,San Antonio,US,Texas
108.239.187.113,"AS7018 AT&T Services, Inc.",San Antonio,US,Texas
72.182.107.70,AS11427 Charter Communications Inc,Austin,US,Texas
172.5.98.113,"AS7018 AT&T Services, Inc.",San Antonio,US,Texas
68.203.203.145,AS11427 Charter Communications Inc,San Antonio,US,Texas
12.43.239.98,"AS7018 AT&T Services, Inc.",San Antonio,US,Texas
67.11.96.101,AS11427 Charter Communications Inc,San Antonio,US,Texas
172.8.173.255,"AS7018 AT&T Services, Inc.",San Antonio,US,Texas
72.191.28.102,AS11427 Charter Communications Inc,San Antonio,US,Texas
64.157.241.246,"AS3356 Level 3 Parent, LLC",Houston,US,Texas
75.104.65.31,"AS7155 ViaSat,Inc.",Preston,US,Maryland
72.181.108.134,AS11427 Charter Communications Inc,San Antonio,US,Texas
131.194.184.154,AS19342 Trinity University,San Antonio,US,Texas
64.134.30.175,"AS14654 Wayport, LLC",Austin,US,Texas
71.137.145.92,"AS7018 AT&T Services, Inc.",San Antonio,US,Texas
24.155.130.61,"AS7459 Grande Communications Networks, LLC",San Marcos,US,Texas
8.33.232.5,"AS3356 Level 3 Parent, LLC",Houston,US,Texas
172.87.155.118,AS11427 Charter Communications Inc,Austin,US,Texas
70.123.197.98,AS11427 Charter Communications Inc,San Antonio,US,Texas
99.57.17.35,"AS7018 AT&T Services, Inc.",San Antonio,US,Texas
107.77.80.46,AS20057 AT&T Mobility LLC,Houston,US,Texas
136.62.15.120,AS16591 Google Fiber Inc.,Austin,US,Texas
173.173.105.73,AS11427 Charter Communications Inc,San Antonio,US,Texas
172.58.100.115,"AS21928 T-Mobile USA, Inc.",Houston,US,Texas
23.228.172.124,AS16591 Google Fiber Inc.,Austin,US,Texas
104.12.206.124,"AS7018 AT&T Services, Inc.",Austin,US,Texas
172.58.102.178,"AS21928 T-Mobile USA, Inc.",Oklahoma City,US,Oklahoma
206.77.155.25,AS3354 University of Texas System,Austin,US,Texas
172.58.99.163,"AS21928 T-Mobile USA, Inc.",Houston,US,Texas
206.77.155.27,AS3354 University of Texas System,Austin,US,Texas
172.58.67.73,"AS21928 T-Mobile USA, Inc.",Dallas,US,Texas
66.68.73.119,AS11427 Charter Communications Inc,Rockport,US,Texas
172.56.6.214,"AS21928 T-Mobile USA, Inc.",Dallas,US,Texas
99.181.55.111,"AS7018 AT&T Services, Inc.",Dallas,US,Texas
206.77.155.26,AS3354 University of Texas System,Austin,US,Texas
206.121.139.66,"AS7018 AT&T Services, Inc.",Dallas,US,Texas
66.90.173.207,"AS7459 Grande Communications Networks, LLC",Austin,US,Texas
172.58.100.162,"AS21928 T-Mobile USA, Inc.",Houston,US,Texas
172.56.6.173,"AS21928 T-Mobile USA, Inc.",Dallas,US,Texas
70.118.40.114,AS11427 Charter Communications Inc,Austin,US,Texas
172.58.103.50,"AS21928 T-Mobile USA, Inc.",Houston,US,Texas
206.77.155.30,AS3354 University of Texas System,Austin,US,Texas
108.220.103.204,"AS7018 AT&T Services, Inc.",San Antonio,US,Texas
172.58.67.211,"AS21928 T-Mobile USA, Inc.",Dallas,US,Texas
172.58.100.28,"AS21928 T-Mobile USA, Inc.",Houston,US,Texas
172.58.100.129,"AS21928 T-Mobile USA, Inc.",Houston,US,Texas
208.54.86.138,"AS21928 T-Mobile USA, Inc.",New York City,US,New York
67.11.134.242,AS11427 Charter Communications Inc,San Antonio,US,Texas
172.58.67.135,"AS21928 T-Mobile USA, Inc.",Dallas,US,Texas
72.177.192.121,AS11427 Charter Communications Inc,San Antonio,US,Texas
107.77.169.8,AS20057 AT&T Mobility LLC,Houston,US,Texas
172.58.67.140,"AS21928 T-Mobile USA, Inc.",Dallas,US,Texas
167.220.152.20,AS3598 Microsoft Corporation,Linton Hall,US,Virginia
172.58.67.173,"AS21928 T-Mobile USA, Inc.",Dallas,US,Texas
172.58.102.236,"AS21928 T-Mobile USA, Inc.",Oklahoma City,US,Oklahoma
216.177.189.26,"AS16527 Guadalupe Valley Telephone Cooperative, Inc.",Boerne,US,Texas
12.131.8.222,"AS7018 AT&T Services, Inc.",San Antonio,US,Texas
98.6.75.74,AS11427 Charter Communications Inc,Dallas,US,Texas
72.177.171.217,AS11427 Charter Communications Inc,San Antonio,US,Texas
67.10.163.140,AS11427 Charter Communications Inc,San Antonio,US,Texas
67.79.223.235,AS11427 Charter Communications Inc,Dallas,US,Texas
70.117.13.185,AS11427 Charter Communications Inc,San Antonio,US,Texas
72.191.33.138,AS11427 Charter Communications Inc,Dallas,US,Texas
71.42.116.142,AS11427 Charter Communications Inc,San Antonio,US,Texas
107.242.113.6,AS20057 AT&T Mobility LLC,Dallas,US,Texas
72.181.124.244,AS11427 Charter Communications Inc,San Antonio,US,Texas
64.183.206.122,AS11427 Charter Communications Inc,San Antonio,US,Texas
72.179.181.247,AS11427 Charter Communications Inc,San Antonio,US,Texas
12.131.8.218,"AS7018 AT&T Services, Inc.",San Antonio,US,Texas
172.58.111.220,"AS21928 T-Mobile USA, Inc.",Dallas,US,Texas
172.56.7.90,"AS21928 T-Mobile USA, Inc.",Dallas,US,Texas
172.58.99.200,"AS21928 T-Mobile USA, Inc.",Houston,US,Texas
70.123.203.131,AS11427 Charter Communications Inc,San Antonio,US,Texas
172.58.67.213,"AS21928 T-Mobile USA, Inc.",Dallas,US,Texas
208.54.86.135,"AS21928 T-Mobile USA, Inc.",New York City,US,New York
70.120.28.81,AS11427 Charter Communications Inc,San Antonio,US,Texas
50.84.78.82,AS11427 Charter Communications Inc,San Antonio,US,Texas
12.219.109.178,"AS7018 AT&T Services, Inc.",Austin,US,Texas
72.190.214.41,AS11427 Charter Communications Inc,Seguin,US,Texas
67.11.5.181,AS11427 Charter Communications Inc,New Braunfels,US,Texas
99.203.27.127,AS1239 Sprint,Houston,US,Texas
99.203.26.13,AS1239 Sprint,San Jose,US,California
8.46.73.102,AS11167 Gogo Business Aviation LLC,Los Angeles,US,California
107.77.219.65,AS20057 AT&T Mobility LLC,Houston,US,Texas
70.117.71.59,AS11427 Charter Communications Inc,San Antonio,US,Texas
99.61.28.109,"AS7018 AT&T Services, Inc.",San Antonio,US,Texas
24.160.139.8,AS11427 Charter Communications Inc,San Antonio,US,Texas
72.181.105.81,AS11427 Charter Communications Inc,San Antonio,US,Texas
72.190.223.156,AS11427 Charter Communications Inc,Seguin,US,Texas
65.43.118.72,"AS7018 AT&T Services, Inc.",San Antonio,US,Texas
216.177.165.194,"AS16527 Guadalupe Valley Telephone Cooperative, Inc.",Boerne,US,Texas
99.203.26.111,AS1239 Sprint,San Jose,US,California
45.23.250.16,"AS7018 AT&T Services, Inc.",New Braunfels,US,Texas
216.177.165.198,"AS16527 Guadalupe Valley Telephone Cooperative, Inc.",Boerne,US,Texas
99.203.155.43,AS1239 Sprint,San Jose,US,California
76.204.27.88,"AS7018 AT&T Services, Inc.",San Antonio,US,Texas
70.120.3.141,AS11427 Charter Communications Inc,San Antonio,US,Texas
68.201.219.223,AS11427 Charter Communications Inc,San Antonio,US,Texas
67.11.62.220,AS11427 Charter Communications Inc,San Antonio,US,Texas
72.181.113.170,AS11427 Charter Communications Inc,San Antonio,US,Texas
104.190.254.154,"AS7018 AT&T Services, Inc.",San Antonio,US,Texas
67.11.157.190,AS11427 Charter Communications Inc,San Antonio,US,Texas
24.26.242.9,AS11427 Charter Communications Inc,San Antonio,US,Texas
173.173.113.51,AS11427 Charter Communications Inc,San Antonio,US,Texas
172.58.109.143,"AS21928 T-Mobile USA, Inc.",Dallas,US,Texas
103.208.220.139,AS46562 Performive LLC,Hatsudai,JP,Tokyo
12.166.20.18,"AS7018 AT&T Services, Inc.",San Antonio,US,Texas
70.120.62.19,AS11427 Charter Communications Inc,San Antonio,US,Texas
99.203.91.49,AS1239 Sprint,Houston,US,Texas
99.203.154.116,AS1239 Sprint,Houston,US,Texas
24.27.227.129,AS7843 Charter Communications Inc,Dallas,US,Texas
173.174.212.103,AS11427 Charter Communications Inc,Arlington,US,Texas
103.208.220.133,AS46562 Performive LLC,Hatsudai,JP,Tokyo
104.191.5.135,"AS7018 AT&T Services, Inc.",San Antonio,US,Texas
71.42.211.139,AS11427 Charter Communications Inc,Plano,US,Texas
173.173.114.111,AS11427 Charter Communications Inc,San Antonio,US,Texas
76.185.215.29,AS11427 Charter Communications Inc,San Antonio,US,Texas
130.45.50.251,"AS7459 Grande Communications Networks, LLC",San Antonio,US,Texas
24.243.59.164,AS11427 Charter Communications Inc,Lockhart,US,Texas
103.208.220.143,AS46562 Performive LLC,Hatsudai,JP,Tokyo
107.77.219.34,AS20057 AT&T Mobility LLC,Houston,US,Texas
107.77.218.198,AS20057 AT&T Mobility LLC,Houston,US,Texas
64.134.149.176,"AS14654 Wayport, LLC",Austin,US,Texas
97.77.169.2,AS11427 Charter Communications Inc,New Braunfels,US,Texas
45.21.7.26,"AS7018 AT&T Services, Inc.",San Antonio,US,Texas
104.55.228.222,"AS7018 AT&T Services, Inc.",San Antonio,US,Texas
103.208.220.132,AS46562 Performive LLC,Hatsudai,JP,Tokyo
71.40.249.34,AS11427 Charter Communications Inc,San Antonio,US,Texas
172.58.109.37,"AS21928 T-Mobile USA, Inc.",Dallas,US,Texas
68.201.199.176,AS11427 Charter Communications Inc,New Braunfels,US,Texas
136.50.20.143,AS16591 Google Fiber Inc.,San Antonio,US,Texas
24.242.162.114,AS11427 Charter Communications Inc,San Antonio,US,Texas
103.208.220.130,AS46562 Performive LLC,Hatsudai,JP,Tokyo
99.203.26.63,AS1239 Sprint,San Jose,US,California
99.203.27.45,AS1239 Sprint,Houston,US,Texas
99.203.26.60,AS1239 Sprint,San Jose,US,California
70.121.161.166,AS11427 Charter Communications Inc,San Antonio,US,Texas
107.77.169.6,AS20057 AT&T Mobility LLC,Houston,US,Texas
104.10.80.59,"AS7018 AT&T Services, Inc.",Leander,US,Texas
174.207.19.90,AS6167 Verizon Business,Cleveland,US,Ohio
107.77.169.9,AS20057 AT&T Mobility LLC,Houston,US,Texas
107.77.169.2,AS20057 AT&T Mobility LLC,Houston,US,Texas
103.208.220.137,AS46562 Performive LLC,Hatsudai,JP,Tokyo
107.77.220.18,AS20057 AT&T Mobility LLC,Houston,US,Texas
